{
  "required": true,
  "minVersion": "0.8",
  "compatibilityLevel": "JAVA_16",
  "package": "traben.entity_texture_features.mixin.mixins",
  "plugin": "traben.entity_texture_features.mixin.Plugin",
  "mixins": [
    "MixinIdentifier",
    "entity.block.MixinMobSpawnerLogic",
    "entity.misc.MixinBlazeEntity",
    "entity.misc.MixinBlockEntity",
    "entity.misc.MixinEntity",
    "entity.misc.MixinGlowSquidEntity",
    "entity.misc.MixinMob_LeashNBTFix",
    "entity.misc.MixinPhantomEntity",
    "entity.misc.MixinPlayerEntity",
    "entity.misc.MixinSkullBlockEntity",
    "mods.imediatelyfast.MixinBatchableBufferSource",
    "mods.iris.old.MixinFullyBufferedMultiBufferSource",
    "mods.iris.old.MixinInnerWrappedRenderType",
    "mods.iris.old.MixinOuterWrappedRenderType",
    "mods.skin_layers.MixinCustomizableModelPart",
    "mods.sodium.MixinModelPartSodium",
    "mods.sodium.MixinSodiumBufferBuilder"
  ],
  "injectors": {
    "maxShiftBy": 2,
    "defaultRequire": 1
  },
  "client": [
    "MixinBufferBuilder",
    "MixinModelPart",
    "MixinMultiPhase",
    "MixinPackScreen",
    "MixinPlayerSkinTexture",
    "MixinRenderLayer",
    "MixinSpriteIdentifier",
    "MixinVertexConsumerProvider$Immediate",
    "MixinVertexMultiConsumer$Double",
    "accessor.TooltipAccessor",
    "entity.block.MixinSkullBlockEntityRenderer",
    "entity.misc.MixinBlockEntityRenderDispatcher",
    "entity.misc.MixinBlockEntityRenderState",
    "entity.misc.MixinEntityRenderDispatcher",
    "entity.misc.MixinEntityRenderState",
    "entity.renderer.MixinEndCrystalRenderer",
    "entity.renderer.MixinEnderDragonEntityRenderer",
    "entity.renderer.MixinEntityRenderer",
    "entity.renderer.MixinIllusionerRenderer",
    "entity.renderer.MixinLivingEntityRenderer",
    "entity.renderer.MixinPaintingEntityRenderer",
    "entity.renderer.MixinPlayerEntityRenderer",
    "entity.renderer.feature.MixinElytraFeatureRenderer",
    "entity.renderer.feature.MixinEyeFeatureRenderer",
    "entity.renderer.feature.MixinMooshroomMushroomFeatureRenderer",
    "entity.renderer.feature.MixinShoulderParrotFeatureRenderer",
    "entity.renderer.feature.MixinWardenExtraTextureParts",
    "mods.iris.MixinFullyBufferedMultiBufferSource",
    "mods.iris.MixinInnerWrappedRenderType",
    "mods.iris.MixinOuterWrappedRenderType",
    "reloading.MixinMinecraftClient",
    "reloading.MixinResourceReload"
  ]
}