{
  "schemaVersion": 1,
  "id": "entity_texture_features",
  "version": "${version}",
  "name": "Entity Texture Features",
  "description": "Adds support for resource-pack driven features for entity textures including some OptiFine features\nSupports OptiFine:\n - Random & Custom textures\n - Emissive textures\nWith more features such as:\n - Blinking textures\n - Player Skin support",
  "authors": [
    {
      "name": "Traben",
      "contact": {
        "homepage": "https://www.curseforge.com/members/traben_0/projects",
        "discord": "https://discord.gg/rURmwrzUcz"
      }
    }
  ],
  "contributors": [
  ],
  "license": "LGPL-3.0",
  "icon": "assets/entity_texture_features/textures/gui/icon.png",
  "contact": {
    "homepage": "https://www.curseforge.com/minecraft/mc-mods/entity-texture-features-fabric",
    "sources": "https://github.com/Traben-0/Entity_Texture_Features",
    "issues": "https://github.com/Traben-0/Entity_Texture_Features/issues",
    "discord": "https://discord.gg/rURmwrzUcz"
  },
  "environment": "client",
  "entrypoints": {
    "client": [
      "traben.entity_texture_features.ETFInit"
    ],
    "modmenu": [
      "traben.entity_texture_features.config.ETFModMenu"
    ]
  },
  "mixins": [
    "entity_texture_features.mixins.json"
  ],

  "depends": {
    "fabricloader": "*",
    "minecraft": "*"
  },
  "suggests": {
    "modmenu": "*"
  },
  "breaks": {
    "optifabric": "*",
    "entity_model_features": "<3.0",
    "entity_sound_features": "<0.7"
  },
  "custom": {
    "modmenu": {
      "links": {
        "modmenu.website": "https://www.curseforge.com/members/traben_0/projects",
        "modmenu.discord": "https://discord.gg/rURmwrzUcz"
      }
    }
  }
}
